id,email,encrypted_password,reset_password_token,reset_password_sent_at,remember_created_at,created_at,updated_at,username,name,cpf,resume
3,lucius_kiehn@murazik.test,$2a$12$qbhnlJCoEG464CGIqjSqhuJ7Y0EURHRsw3T99knvtzRBACxMY3VjG,,,,2025-03-13 19:37:21.257020,2025-03-13 19:37:21.257020,eleni,Júlio da Costa,64656495242,Eligendi quo eius voluptatem vitae exercitationem qui culpa id est.
4,arden_orn@mclaughlin.example,$2a$12$gxj2oXcQa4/Hz7/3UJ59CeiGj.fdQQDw.0O59D5e.AjsG7u2AbjSu,,,,2025-03-13 19:37:21.636072,2025-03-13 19:37:21.636072,bernarda,Silas Amoreira,52594628952,Sint nulla deleniti facere doloribus consequuntur accusamus esse quis commodi.
5,davida.daniel@schaefer.example,$2a$12$Wc5aftJJ/6gmhhYfSH4yIuDZyjTS/g6f0OYc8tcESt0oDaCJSZhBa,,,,2025-03-13 19:37:21.984472,2025-03-13 19:37:21.984472,louis_conroy,Gabrielly Conceição,51223986412,Reprehenderit necessitatibus repudiandae possimus aperiam modi ea maiores magni rerum.
6,taunya@okon-mann.test,$2a$12$X2/Y67lfqpUVZZMi5Z4HfOAxrz.N8bE1GBfEOFefTgf9IKwXb96U6,,,,2025-03-13 19:37:22.269064,2025-03-13 19:37:22.269064,sylvester_labadie,Davi Lucas Lima,85163554923,Omnis in officiis quae tempore non voluptas et occaecati autem.
7,shantay@brekke.test,$2a$12$yKTOYIOJwkse4HtXGnIecOhzrh4LDiBbMTqZbwNjzv42LCxvgb0me,,,,2025-03-13 19:37:22.601203,2025-03-13 19:37:22.601203,ayesha,Davi Lucca Banheira Jr.,90475120140,Et dolor voluptatem sint nemo culpa ut id distinctio necessitatibus.
8,enoch@wyman.test,$2a$12$jWd56CYF358LxTynbWgMi.VVHynusZxR2hj4Ej6j5pznYxI6.v23a,,,,2025-03-13 19:37:22.912733,2025-03-13 19:37:22.912733,brad,Maria Valentina de Lara,40591339521,Animi qui fugit tempore dicta necessitatibus dolor officia molestias et.
9,tamisha_barton@lubowitz.test,$2a$12$lL0kQZylWUPDRAOfPxEL.epslQcDA2VIHDvfWnF3cY.7Hy1CpfvNm,,,,2025-03-13 19:37:23.273116,2025-03-13 19:37:23.273116,griselda_nicolas,Beatriz Laranjeira,38230025140,Est nihil vero voluptatum eos qui non distinctio provident porro.
10,chance@armstrong-smith.test,$2a$12$x1biYU8zMNON1S5P7vSzzu21wAPtZEIv5WHvh9OMBiaZZD/HB2ERG,,,,2025-03-13 19:37:23.615838,2025-03-13 19:37:23.615838,catharine_damore,José Meira,11083484056,Et rerum omnis rerum suscipit odit quos consequatur et nobis.
11,ruthanne@schuster-bechtelar.test,$2a$12$XJYRvc3/GLD65axIhRLYaOXvGVYG8UdShbUJT5U/fAH/SPdPyObWi,,,,2025-03-13 19:37:23.939902,2025-03-13 19:37:23.939902,erline_will,Warley de Lara Jr.,41163478414,Sed nulla quod cupiditate voluptatem fugit delectus dolorem unde laborum.
12,shameka.wiegand@herzog.test,$2a$12$UPzpu/gv5tmK1wHlb70WaumR3.BxPbxslq/mWMedv0R.6d9FEh0XC,,,,2025-03-13 19:37:24.297443,2025-03-13 19:37:24.297443,loise,Tomás Barreira Neto,75593667482,Enim nostrum soluta aliquid unde a saepe quia ut doloremque.
13,morgan_legros@mcglynn-thompson.test,$2a$12$rFnaWiK7ueeYKCKcqlGfZeVcRjf470V3caYiMO3.wjzSuOZhamfGW,,,,2025-03-13 19:37:24.648663,2025-03-13 19:37:24.648663,rochell.schmidt,Ofélia da Mota,15779128026,Aut doloremque corrupti voluptatum non praesentium nobis blanditiis ea nihil.
14,brady@gerhold.example,$2a$12$.AoaCN2fH2I0RExsHi.W/OLVCFMOFqUB/qZAhKFCtGeuyRy3UXMga,,,,2025-03-13 19:37:25.064861,2025-03-13 19:37:25.064861,jack,Tertuliano Monteira,69636127892,Asperiores possimus maiores molestiae non deleniti dignissimos eveniet error accusantium.
15,brittanie.reichel@windler.example,$2a$12$/vPKFJifTx1.SvBoiGdILOJYbTFLX1dit44ScmZiCldVNN0tl6PN2,,,,2025-03-13 19:37:25.419095,2025-03-13 19:37:25.419095,nicolas,Dra. André Alves,32685651776,Eum ut impedit omnis aperiam aspernatur consequuntur eius rerum temporibus.
16,bradly@gutmann.example,$2a$12$LC7EtoHRGP.56D9MeXHNlelR3CJ/d4n7yPKHVlNOx1uJgTJ6qO03m,,,,2025-03-13 19:37:25.762389,2025-03-13 19:37:25.762389,clarita.monahan,Natália Monteiro,21810782088,Numquam quia dolorem commodi enim quis maxime voluptatibus adipisci voluptatem.
17,aletha.robel@kris.test,$2a$12$r3jnbWaEOaPsnPfoJt3Y5eruSryikMyzoIUqPlyVmdxp7yazAUSIO,,,,2025-03-13 19:37:26.129734,2025-03-13 19:37:26.129734,ethelene_auer,César de Borba Neto,13000379392,Sequi voluptate similique impedit nesciunt vero eos et consequatur nisi.
18,connie@ward.test,$2a$12$Y6qRU0.qZWN.8QInOFAaJOOaLwlVFGm8bJDCb5rTK3Di0DLhlAdcC,,,,2025-03-13 19:37:26.463880,2025-03-13 19:37:26.463880,scarlett,Igor de Borba,73502931204,Ad et assumenda cum consequatur provident quisquam dolore qui natus.
19,junior_bins@goyette.example,$2a$12$RkG1Wll3sj4lmidkcQCc5.Afs4LDoenCoLjXM3JEM9crYg1hgSfWa,,,,2025-03-13 19:37:26.790784,2025-03-13 19:37:26.790784,cletus_hettinger,Melissa Simão,23526915929,Ipsum amet asperiores porro similique officia necessitatibus omnis provident voluptas.
20,alfred.muller@muller-white.example,$2a$12$8kMpNcCyqwYL2yHj75RhSOG6wPbvAuHfLjb7gdp6upIjGkNF73EG2,,,,2025-03-13 19:37:27.122336,2025-03-13 19:37:27.122336,merrill_dicki,João Lucas Mendes,40876829230,Officia voluptas placeat illum doloribus soluta est tenetur est temporibus.
21,dusty_bednar@bahringer.example,$2a$12$MNJG/aX4qGWplJfUcS07iOX0VeAsnhp5V32adO7aDeo1jelQSzXSW,,,,2025-03-13 19:37:27.451348,2025-03-13 19:37:27.451348,erich_mills,Davi Luiz Rameira Neto,29097231976,Quod eum ut inventore expedita excepturi tempora dolorum a quia.
22,scottie.kuvalis@runte-stamm.example,$2a$12$Kc7gv6Bc5L.92UYCSXjLJuaas.5jOD2ZuNWB7z29qJp/6PAT9noAW,,,,2025-03-13 19:37:27.812108,2025-03-13 19:37:27.812108,bobbie.dickens,Fernando Meira,38816425398,Voluptates eaque nostrum ex est beatae qui sint ratione porro.
23,becky_price@baumbach.test,$2a$12$guAMoStZHjzJmpV/FgWbiu9a7xgAnNYpCSup1VIeQ20H3JNzLF5nO,,,,2025-03-13 19:37:28.109238,2025-03-13 19:37:28.109238,blair.torp,Carla Fontes,83959624269,Aut vitae error molestiae ut aut vel quidem velit aspernatur.
24,cari@torp.test,$2a$12$j281Eq0BzFsLfCpSF0i9teTMA8s.oR0yi.DTN1anjW4JBu2wBh/KW,,,,2025-03-13 19:37:28.394174,2025-03-13 19:37:28.394174,yuri,Vitória Oliveira,13437633679,Odio quidem aut porro sunt ut similique facere rerum est.
25,dayna.mante@schaefer.test,$2a$12$5YXkL0rUL.sDihO9LfylQOCHzMVGdYHdo.uYkVy5dKepft/26jrdy,,,,2025-03-13 19:37:28.756213,2025-03-13 19:37:28.756213,adriane.kassulke,Lorena Sais Filho,37728300678,Est qui fugit temporibus laudantium dolorem fuga commodi praesentium aut.
26,barney.ebert@barton-mills.test,$2a$12$SWAl0WmcspaauBMCMq1HleMM8tTWb.WN2LlBwLzG9NciamUEnIgsu,,,,2025-03-13 19:37:29.042304,2025-03-13 19:37:29.042304,waltraud,Ricardo das Neves,15573921652,Temporibus impedit eum incidunt omnis atque ut voluptas voluptates eaque.
27,jeffry_thiel@ferry.example,$2a$12$k2avOhJgG2QBtSi2hrwE2OPiasMOEGbu96ozg4048O2KxVAl4XI3C,,,,2025-03-13 19:37:29.336012,2025-03-13 19:37:29.336012,abbie.marks,Maria Eduarda Barros,25570178101,Saepe delectus non ut voluptatum corporis eum sunt incidunt pariatur.
28,odell@bogan-bogan.test,$2a$12$HLHX.7oWntgB3HmdCqDjHuwjCeeSy4IRNgTzpeXFPMznVy43grBLe,,,,2025-03-13 19:37:29.654056,2025-03-13 19:37:29.654056,blake,Sra. Benício Antunes,37198210289,Vel ipsum architecto eum minima ullam ea fuga repudiandae omnis.
29,freddie_fadel@feil.example,$2a$12$KCvsZ6caOSWoJ1WqtdZ3KuxAvW5B0KWatseFHWKEN72PTyEpcblpK,,,,2025-03-13 19:37:30.041020,2025-03-13 19:37:30.041020,cheri.emmerich,João Soares Neto,88653858791,Dolor officiis optio qui inventore porro architecto reprehenderit ut rerum.
30,boyce_okeefe@franecki.example,$2a$12$c5h9jF9Um1AViMHlzC5qGebmywRGdj1lYXjdqCaDDXC4ueUeTaFSK,,,,2025-03-13 19:37:30.479988,2025-03-13 19:37:30.479988,chere,Maria Luiza Silveira,87501452092,Mollitia occaecati distinctio repudiandae corrupti eligendi quae nostrum maiores iste.
1,admin@comprador.com,$2a$12$gW2m33/dTP4zUQJvrV5jJ.kpNUHi5u3BkyaGaSN.Uv7DbCnvQA1aC,,,,2025-03-13 19:37:20.513547,2025-04-16 00:57:28.541358,admin_comprador,Admin Comprador,12345678901,Administrador da empresa compradora
31,ulysses.kunde@will.example,$2a$12$tRLd3UeIrXePS.RRTjlztOmnNAiryL0cGO/yq3cte5K9zu0Jz2Pr6,,,,2025-03-13 19:37:30.915797,2025-03-13 19:37:30.915797,lilly.treutel,Sophie Barros,58296215886,Quidem omnis omnis esse nisi ad iure sed blanditiis qui.
32,roberto_stanton@schaefer.example,$2a$12$c7MUyziM4ZgmKfq6zqlVM.i1hWzK2Ocpet3.M3G1Y4KH6La6hV1dO,,,,2025-03-13 19:37:31.307151,2025-03-13 19:37:31.307151,marcelo,Dra. Elisa Godins,88577195912,Alias omnis laborum et et facere doloribus voluptas earum dignissimos.
33,odell@schowalter.example,$2a$12$ciEcD4HQocYIJOeSBxRieOcihprvQFeZR57HQl4oPbLi/T9nALOkm,,,,2025-03-13 19:37:31.751986,2025-03-13 19:37:31.751986,darwin.zulauf,Bruno Pedroso Neto,80287114876,Voluptatem incidunt et illum sit qui qui deleniti sapiente impedit.
34,judi@hills-armstrong.test,$2a$12$7b0wcfjjiX83H446y.Ft6uaNPYW.3GZ7MQDQWRLgMwcyPAFjBy9JO,,,,2025-03-13 19:37:32.128353,2025-03-13 19:37:32.128353,lyndsay.kling,Helena Madeira,69036962236,Cumque nobis quibusdam quae saepe modi repellendus minima consequatur voluptatem.
35,lenna.fisher@koelpin.test,$2a$12$JnzkFhxHO2p9Tow89D69/.x7bAV4LXHtorxVKPWMlWOe.p1XyhIrS,,,,2025-03-13 19:37:32.448512,2025-03-13 19:37:32.448512,andera,Levi Aroeira,53050733713,Deleniti unde nesciunt alias sapiente aliquid cupiditate provident rerum aut.
36,season@cole-grimes.example,$2a$12$vrAfwgdq564rELyQn8sn3.i4hCMvCoRtMD/PVD3JdXSAWF0..wPfi,,,,2025-03-13 19:37:32.809804,2025-03-13 19:37:32.809804,quinn,Felícia Negrão,73955240315,Est iusto tempora in aut fuga molestiae natus mollitia voluptatem.
37,jonie_blick@torphy.example,$2a$12$knqXx2aP0TQB1ErA4dJKoesSr184D5xMCKNT.hS.aV9Z7NSu2rl3m,,,,2025-03-13 19:37:33.148137,2025-03-13 19:37:33.148137,delila.nikolaus,Maria Quaresma,96739983616,Nam molestiae totam veniam quisquam reiciendis soluta voluptatum at est.
38,hortencia@witting.example,$2a$12$2q4/VxEz5U.qWQgxHio3Wuo/Lf4maLs0.oQSU.UCAMmDNyZA11/xK,,,,2025-03-13 19:37:33.512509,2025-03-13 19:37:33.512509,theron.mills,Vinicius Morais,92408434344,Qui aliquid rerum molestiae nemo ut culpa voluptas sunt inventore.
39,alphonse@stamm.test,$2a$12$2NXWqZ2zgLxCMYS3JLF1o.z9X95XEWTMmZjN.Bed.KhUP9yrO5YQu,,,,2025-03-13 19:37:33.857400,2025-03-13 19:37:33.857400,jessie,Laís Jesus Filho,79581007030,Qui doloremque corrupti voluptatibus voluptatem voluptate expedita et odio quas.
40,neomi@price.example,$2a$12$eTbVilxfaCjog.DQBWVx7.h5b3PiR.DqnWHcQUbPeX4mtpB8xBN3K,,,,2025-03-13 19:37:34.177309,2025-03-13 19:37:34.177309,harriett,Fernando Sais,38703026670,Consequuntur provident et minus sit qui enim sint dolore et.
41,alix@feest.example,$2a$12$L5ncq/HeYUUib.gAAlPCIubax3.ZmPjdPExR0x1v8b.Af1BuKEyCm,,,,2025-03-13 19:37:34.487315,2025-03-13 19:37:34.487315,frank,Alessandra Ramos,76465497269,Beatae provident odit deleniti pariatur dolorem eveniet nemo laudantium quia.
42,zack.walsh@wiza.example,$2a$12$0q49T.1xI3ohDpTU6fmWCungkVlw9erguVpk2HfPZ.tmmp8f3rBs.,,,,2025-03-13 19:37:34.863637,2025-03-13 19:37:34.863637,roderick_greenfelder,Dra. Arthur Albuquerque,34809236452,Dolor minus et omnis culpa suscipit et maxime sint reprehenderit.
43,zackary@hoppe.test,$2a$12$IavXGUxpFz2.OD0r5K9nS.JC.065ZHNHnpUP94oKGBZJmAGlpoqAW,,,,2025-03-13 19:37:35.219515,2025-03-13 19:37:35.219515,renae,Carlos Eduardo Peres,38638669274,Quia est possimus facere fugiat corporis quo dolor enim distinctio.
44,terina@grady.example,$2a$12$Ae8muIfEcNkibMFgAUvtKeqzsmwes5HggD1meKAztL2Lv5vESKd6.,,,,2025-03-13 19:37:35.587027,2025-03-13 19:37:35.587027,terrell,Deneval Meira,56272834996,Consectetur quod et aliquam sequi deleniti est et ut at.
45,jesus.mraz@marquardt.example,$2a$12$tR3h/aKTNPVH5NMBVfr/euI86p2CMgucTKH.WuHtCQshJm08iBcy2,,,,2025-03-13 19:37:35.970616,2025-03-13 19:37:35.970616,piedad,Lara Hermingues,27950234031,Perspiciatis ratione labore repellendus quia tenetur numquam in sit est.
46,rebbecca.metz@wyman.example,$2a$12$K5QeullGf3iGfQVYAnHsi.OP6cYdwWGvuQ/QisnKuQyeWcsiDJw/a,,,,2025-03-13 19:37:36.336413,2025-03-13 19:37:36.336413,kyle.larkin,Luiz Dias,21032899973,Illo quia incidunt id commodi vel aliquam voluptatem ducimus dolore.
47,shirlee@bergnaum.test,$2a$12$8XQ4lt/57YdnazBgcPIH4.yNT9cVRpwTL.JU7AZWgMR1X1sIxSsf6,,,,2025-03-13 19:37:36.669854,2025-03-13 19:37:36.669854,roy,Augusto Diegues Neto,76810619135,Dolores eum sapiente dolorum ut consequuntur eos quis autem velit.
48,zack_fritsch@morissette-jacobson.example,$2a$12$IBZrxQG0O77c14ftWHHmkuNFqoMBrtZLAYde/2kLbQTVyeqG9DgtS,,,,2025-03-13 19:37:37.027514,2025-03-13 19:37:37.027514,caron.stokes,Sra. Carlos Veloso,68965181108,Corporis et eos ut officia dolor animi maiores quae dolor.
49,ethan.keeling@powlowski-hodkiewicz.example,$2a$12$I3liJRJXZRiXN1diUsRt/uFH.ivnJyv5SMjkAjo6ArmoPYlcFeOhq,,,,2025-03-13 19:37:37.376335,2025-03-13 19:37:37.376335,shawnee.vonrueden,Sr. Kléber Lobos,46758086401,Possimus doloremque magni dolor animi neque at quod nulla velit.
50,refugio@franecki-homenick.example,$2a$12$3FOgb/GEaDBvbgoo82n8B.uDT2EnyxIVt7AXnqu6/9acDCUXmRj9.,,,,2025-03-13 19:37:37.716128,2025-03-13 19:37:37.716128,gregorio.weber,Maria Clara Antena,36531179009,Ea fugit facilis rerum mollitia dolorem veritatis voluptatem similique eligendi.
51,wendell@stracke.example,$2a$12$ioSVOb4Q2Fo.upckMeoJo.NSXELO2Aqo/ZJOIu/3rX4cqrieo34gS,,,,2025-03-13 19:37:38.019776,2025-03-13 19:37:38.019776,eleonore.blanda,Anthony Albuquerque,13581875199,Nisi mollitia iste inventore occaecati nemo saepe id aliquam provident.
52,kenny.bogan@hamill-keebler.test,$2a$12$PBaWIHxcXE2sTYlrC8DFPe2Kd.U5wEnLpaVpMky/V0BtB8mBvfZSm,,,,2025-03-13 19:37:38.365895,2025-03-13 19:37:38.365895,harland.rolfson,Dalila Araújo,84665857914,Natus dignissimos unde placeat aut sunt error delectus sed aut.
53,tracey_weimann@buckridge-bechtelar.example,$2a$12$9xIom6RNwafEGL5ddgPawOr98j5ZQm0peKedDytYYmqIgAJDvauDi,,,,2025-03-13 19:37:38.683295,2025-03-13 19:37:38.683295,fredia.yundt,João Felipe Ximenes Neto,96314665342,Vel aut commodi odit animi reprehenderit est voluptates excepturi perspiciatis.
54,hung_douglas@wiegand.test,$2a$12$XkLC0x4nhPetMU4JvHZv0uLlnUyl5zzttdruskEiCmRphyjAf0yN6,,,,2025-03-13 19:37:38.997276,2025-03-13 19:37:38.997276,jewel,Sílvia Melo Filho,96826329336,A ullam maxime veniam quidem vel aperiam exercitationem sed et.
55,shin.heidenreich@beier.test,$2a$12$IBLTEkbz5k6wLq97YcxTyeXfk99nHvLamQfYaFijVBNXvCQKbFne2,,,,2025-03-13 19:37:39.306592,2025-03-13 19:37:39.306592,lou,Clarice Pires,41826880953,Autem qui nulla earum alias quo et sunt occaecati totam.
56,kathern.schuster@pfannerstill.example,$2a$12$e3ogW3atjQSc1aKNSjLfa.mACeBRqTlXVqr1qnHQbC/8gQy/HUDAG,,,,2025-03-13 19:37:39.615088,2025-03-13 19:37:39.615088,trinidad,Antônio Rolim Jr.,65369202417,Quaerat nihil nam et est consequuntur velit distinctio repellat rerum.
57,jeffery_little@steuber.example,$2a$12$0kUJyNABjBNOIOJYYqiH1edRB5Z9dmVypibS9.D.RXje9XtSq8Vhm,,,,2025-03-13 19:37:39.970934,2025-03-13 19:37:39.970934,kendrick_bartoletti,Dr. Antonia Marques,79932619493,Mollitia non voluptatibus aut laboriosam voluptas consequatur sed qui praesentium.
58,lynwood_nienow@senger-conroy.test,$2a$12$Fujy8i9hQ4.JmWg1RyUwuePucSmjQxzTSLqlpsvHtMWdtDamRh4KO,,,,2025-03-13 19:37:40.319063,2025-03-13 19:37:40.319063,leandro,Gabrielly Sanches,34540778196,Optio provident ut non et possimus consequatur est et sequi.
59,cleo_wisoky@mohr.test,$2a$12$mLAy9v0igw86qnINw/hCW.JT85dIRt7wYlbgNfes8OLgKkaCrUZAO,,,,2025-03-13 19:37:40.646417,2025-03-13 19:37:40.646417,gino_durgan,Giovanna Palmeira,38231266987,Aliquam in reiciendis ipsa at tenetur sunt temporibus dolor molestias.
60,leopoldo@moore-tillman.test,$2a$12$OyYGh5tR9nooUtiUEBuW2ergkPSdqRE88aPvYY0KjZ7LNMK3gLjmy,,,,2025-03-13 19:37:40.977618,2025-03-13 19:37:40.977618,samella,Dra. Maria Isis Taveira,72359358057,Error est sed tempora non laboriosam soluta ut quia id.
61,jonathan.bernhard@kreiger-stamm.example,$2a$12$cly2ERw25JIZpIhnQt8LzO1tDpPoJRpjPedXj6SVNQiY74OL7.HM.,,,,2025-03-13 19:37:41.341914,2025-03-13 19:37:41.341914,von_feest,Fabrícia de Borba,46948732157,Nobis vitae placeat ut velit consequatur dicta neque ut a.
62,adolfo_pagac@greenholt.example,$2a$12$tDEWmJ6LmKrRH.vOuEckuuuVkKNmm22gAF8P0geG.eOITKz1H.e6S,,,,2025-03-13 19:37:41.716071,2025-03-13 19:37:41.716071,bradford,Nataniel Saraiva Filho,70513314609,Ipsa natus voluptatem non consectetur accusamus possimus voluptas numquam laudantium.
63,soledad@medhurst.test,$2a$12$kQORCuW6gwnbbm4A4Ect8Org5L1sE/UjrIMAXF7HIzoXdGThPZWFq,,,,2025-03-13 19:37:42.080167,2025-03-13 19:37:42.080167,ismael,Calebe Bernardes,28995978341,Veritatis in qui deserunt sit commodi et debitis maiores qui.
64,kacy.klein@oreilly-ruecker.example,$2a$12$aeY.zJpPwzbJmp/aexDalOTkhtDSdBOhzG6RvgMOxYV0YfMLAckuq,,,,2025-03-13 19:37:42.450257,2025-03-13 19:37:42.450257,ernesto.schuppe,Ana Vitória Rameira Jr.,27107629435,Vitae dignissimos hic minima ut temporibus enim et et in.
65,nella_hand@marks-gulgowski.test,$2a$12$n5Y/VbR7k5yrEZj/QLOyXul2eiUWS790kE2yxQBTeQNHgVZEhVj8q,,,,2025-03-13 19:37:42.796480,2025-03-13 19:37:42.796480,ling_johnson,Louise Vasques,11240933127,Ut repellat dolore delectus quisquam corporis vel temporibus perspiciatis cupiditate.
66,tijuana_ryan@champlin-oreilly.test,$2a$12$7xXBlTuym1ozyUYL7tJZI.EwaVLgwaJ//IRklcfibjwoxvkc6Xegm,,,,2025-03-13 19:37:43.135481,2025-03-13 19:37:43.135481,ronni,Laura Guedes,90733796279,Et id consequuntur laudantium nobis rerum beatae omnis in dolore.
67,adriana_luettgen@osinski.test,$2a$12$x.pKwLoKTb.ALWTvsDVMhOXO.ww3zi5qJQhQaemqQVKjOUc7K6dva,,,,2025-03-13 19:37:43.524677,2025-03-13 19:37:43.524677,ewa,Elisa Sais,31391320992,Eum numquam modi qui ut mollitia odio minus voluptas sed.
68,candra@johnston.example,$2a$12$5DtgMR00jasqROQsNRNYdOAdyo7H6A9XGCmWiFPk7aTUNLbuUl4wW,,,,2025-03-13 19:37:43.868168,2025-03-13 19:37:43.868168,rocco.schaden,Luana Ribeira,79375568540,Quis consequuntur sint et hic molestiae non ullam qui occaecati.
69,jeremy@boyer-runte.test,$2a$12$/bXQAKg.EvWStThVV81pMO3cngTmizYN/tztPV6iIQIj8HfdqP3Jm,,,,2025-03-13 19:37:44.197858,2025-03-13 19:37:44.197858,giuseppina.heller,Antonia Domingues,51421250185,Sed aut quia et odit animi voluptas aut quia ab.
70,ema@collier.example,$2a$12$V7OH4xJxAyccKPOb07EjkesLD7mWeCra4kVxunFEppoJc8gCrCtB2,,,,2025-03-13 19:37:44.515139,2025-03-13 19:37:44.515139,dee_cruickshank,Antônio Passarinho,65888053950,Eum iusto est et ducimus maiores fuga id ratione qui.
71,ulysses@mueller.test,$2a$12$1pLt9K.j6vucq/oXjWiLrOJLkgQ4kS3K44/1Mz0XXLE.rSEDkoZn6,,,,2025-03-13 19:37:44.836334,2025-03-13 19:37:44.836334,boyce,Antonia Aparício,58940240897,Sapiente qui nulla ullam neque molestiae fugiat molestiae placeat iure.
72,danny@dach.test,$2a$12$y3KdhSBqxtjTK8jOveD4KuKIxA8TWXkKa484Ajs/rNL1xoFUBYjS6,,,,2025-03-13 19:37:45.206448,2025-03-13 19:37:45.206448,kizzy_okeefe,Arthur Gabriel Oliveira,75162692276,Saepe doloremque eum odio consectetur corporis exercitationem ratione nesciunt quibusdam.
73,wilber_skiles@goldner-wiza.example,$2a$12$SfJHPspoaGnK6arweipw.ehJNoOgM0P2hcU16XXb6VIYjyClhqRBC,,,,2025-03-13 19:37:45.567649,2025-03-13 19:37:45.567649,clemmie,Luana Siqueiro,45495202679,Sint libero temporibus voluptatum et similique facilis voluptatem vero iure.
74,john.gusikowski@schaden.example,$2a$12$9gTdkPBuXCOnw3lilQpnT.WchVEVtjiM1tNyqJRQtcrgQujr3jDFu,,,,2025-03-13 19:37:45.960593,2025-03-13 19:37:45.960593,bobbi,Dra. Carla Bulhões,33672902112,Blanditiis et tempore quidem error hic autem recusandae deleniti voluptatem.
75,lynn_lakin@cummings.example,$2a$12$dtUgdr5ud05w6ysBvsu6fO6Cq33JnZ5Dq3doEk6rdIgy1FU60UI9S,,,,2025-03-13 19:37:46.280155,2025-03-13 19:37:46.280155,lino,Mércia Almeida,82176083123,In ea a enim laboriosam aperiam voluptatum expedita iure tempora.
76,zella@legros-parker.example,$2a$12$4eokhw6GyriuAHz4sI5UgeHP22XIBnd7dtHR0wfS7nHewtOGUsBVa,,,,2025-03-13 19:37:46.604025,2025-03-13 19:37:46.604025,sheilah,Henry Taveira,55771495480,Voluptas voluptate velit modi ducimus sed similique quasi corporis laboriosam.
77,yuette@yundt-hyatt.example,$2a$12$IVxINrL1XFfDFklnimZ2YuBfQZ3/2Kog2CxdpV1kOcAFS84691qEu,,,,2025-03-13 19:37:46.913448,2025-03-13 19:37:46.913448,derrick,Alessandra Cruz,75908377255,Ut ipsa et nihil et commodi nulla ab consequatur et.
78,riva.fritsch@hammes-farrell.example,$2a$12$EkcnSoHemvHMHNXCaiKip.VriC3H23ke6BkIV/A4Et.XYSG7Cc7.O,,,,2025-03-13 19:37:47.286364,2025-03-13 19:37:47.286364,pattie,Luiz Bulhões,51333447881,Qui laboriosam dicta ut excepturi eveniet labore reprehenderit non asperiores.
79,ivan@grimes-mcglynn.test,$2a$12$SdOC/R9gz8ZFA7b6ZPjDnuqe/6KJQypZEoChX.GgTrtwPx1cNdXXe,,,,2025-03-13 19:37:47.622421,2025-03-13 19:37:47.622421,fredrick,Isadora Palmeira,77675549922,Perspiciatis rerum assumenda ut et modi dolorem animi minus dolores.
80,leroy.emard@nolan.example,$2a$12$irBFLpsGuNqpAEg.fFsVW.Ju9X4gTmWVhkpf.LH7eUKhg3mRsHUPe,,,,2025-03-13 19:37:47.955334,2025-03-13 19:37:47.955334,ariel_heidenreich,Alícia Neves,91864698126,Doloribus est neque voluptas provident eum earum fuga maiores quam.
81,adrian_marvin@stoltenberg-huels.test,$2a$12$pFcMKoTrjrKL5VhJKwNl8OmAx3XFCryixO4veRSOlRs35MDzI8f.a,,,,2025-03-13 19:37:48.266962,2025-03-13 19:37:48.266962,cristin,Maria Isis Bernardes,34851816407,Et quia voluptatem quod voluptatibus nulla iure esse non similique.
82,kathe@beer.test,$2a$12$2B625RkLzf4t0LYYr6MqQeX7X.SitrgdTaBwdvtjnFJP6T3e7IxbG,,,,2025-03-13 19:37:48.583358,2025-03-13 19:37:48.583358,glinda_stehr,Luiza Almeida,62527242567,Aliquid dolorum corrupti et ex aliquam possimus et omnis consequatur.
83,jewell@green.test,$2a$12$nz83ZgWrDWZeSyt4cHe5dObIzGjqYdW08PL8CBZOMAgCI2pAw9ZK6,,,,2025-03-13 19:37:48.906367,2025-03-13 19:37:48.906367,dante,Dr. Roberta Gonçalves,97180930970,Eos sit reprehenderit nobis ut non dolores sequi laboriosam qui.
84,noble@kulas-kulas.test,$2a$12$6w/wCEb1v8rj8ilRNJV9/eqbb2loMR7oNaVK9L8gFuwkk9df7xJbO,,,,2025-03-13 19:37:49.252951,2025-03-13 19:37:49.252951,jeffrey,Dra. Lavínia da Luz,69650471057,Qui non id voluptatem illum explicabo doloribus fugit nobis rerum.
85,florene@beer.test,$2a$12$JhHzTm7kl0hm/L.ctjFtQ.2IqFsDaz4hGJ4hEBGImO4i9gexQUhsS,,,,2025-03-13 19:37:49.561700,2025-03-13 19:37:49.561700,samella,Maria Fernanda Leiria,26005690486,Rem quas expedita quaerat enim quasi adipisci commodi magnam fugit.
86,lino@rutherford.example,$2a$12$Rcuh0prGbtjCWEWbdCvqPuUIQcamNd8DBge1dHoSeveuHARF59pGS,,,,2025-03-13 19:37:49.919002,2025-03-13 19:37:49.919002,imogene,Ofélia de Sá,10577386076,Qui blanditiis et quasi accusantium sit ducimus ipsa odio eaque.
87,virgil@halvorson-rice.example,$2a$12$uFQmxvFXxjx/3sHd.T87Su1oVeYdZKtFJTos779UH9F4rCXoHkadG,,,,2025-03-13 19:37:50.273107,2025-03-13 19:37:50.273107,christi.lesch,Sr. Maria Barbosa,96839424964,Voluptatem ut sit et magni laborum tenetur ex omnis voluptas.
88,eustolia.rosenbaum@lind-gerlach.test,$2a$12$sLWwahPBcvOPoURIxP6ZI.H.VlnhjeAVcJEwOHB6ecpfrTescUeq6,,,,2025-03-13 19:37:50.556483,2025-03-13 19:37:50.556483,nanette.quigley,Davi Lucca Mendes,19351557354,Ipsum et et facilis natus aliquid quos quas est autem.
89,janean@pouros.example,$2a$12$oN.LaVncsrMQe1b91NqQ4eNb1f9b9XcK7Ri/iFZeu8X2ibQ7Uua1u,,,,2025-03-13 19:37:50.884156,2025-03-13 19:37:50.884156,candis,Maria Júlia Pinto Filho,17267221525,Sequi in fugiat quibusdam consectetur facere earum harum quo perferendis.
90,ilona@olson-jacobi.test,$2a$12$lRX1CpiSA4QDV9p79xgV1eFiQ.WPFmxiOwutWGIiIelJGcqZWu6yS,,,,2025-03-13 19:37:51.221005,2025-03-13 19:37:51.221005,conrad.kerluke,Danilo Simões,75034063760,Molestias veniam at numquam maiores ad praesentium consequuntur assumenda et.
91,fermin@mohr.test,$2a$12$Uhq5cKVaY.XPCW1xRCFX0OEmY6CFXGQOCN1tgaB6KbXvYof14Yz7G,,,,2025-03-13 19:37:51.509036,2025-03-13 19:37:51.509036,john,Rodrigo da Silveira,38667483222,Eveniet consectetur et culpa optio aperiam ut iste harum provident.
92,sheila@breitenberg.test,$2a$12$ZY5pF90ZFNWAShuqPbEqEuNjavqhaZKy/MvZbB9uOyYObKr68UBey,,,,2025-03-13 19:37:51.853815,2025-03-13 19:37:51.853815,dorris,Enzo Thiago Chaves Neto,90051650481,Placeat qui aliquam veritatis iure aliquid incidunt sapiente et magnam.
93,athena.funk@mclaughlin-reinger.test,$2a$12$DrhhPwxVV5edCBX2giLyq.mAZL95me5QfTh4rSlMFPkmj1r.qyAPu,,,,2025-03-13 19:37:52.233087,2025-03-13 19:37:52.233087,charise,Luan Geraldes,89015484418,Quod dolore consequuntur ut eveniet et voluptatum voluptates nam sed.
94,gladis_beahan@kutch.example,$2a$12$rYlDKtJGMd15xTYWYpREe.yEhoGD/R0b3PXOsOyK84kqkymlCOCM2,,,,2025-03-13 19:37:52.547060,2025-03-13 19:37:52.547060,conrad,Rafaela Castelo,12287449934,Fugiat repellat provident quos totam voluptatum voluptatem vel vel et.
95,yael@flatley.example,$2a$12$O/3S6lzOPibrW4AhzbPBx.UtZYalPYtxud1lbN0.Kv4dM87Gx9lUO,,,,2025-03-13 19:37:52.850493,2025-03-13 19:37:52.850493,rosalina,Sra. Marcela Melo,65812442015,Sed dolorem quia hic ut voluptatum id at fuga delectus.
96,shad@kunze-spinka.example,$2a$12$F0zWl8NzxO2jsbdfqFTNG./JPyMhCb4CYPFEcBw.r43O.CMink6Wy,,,,2025-03-13 19:37:53.170496,2025-03-13 19:37:53.170496,angel,Sr. Tertuliano Espinhosa,71512779781,Aliquid voluptatem consequatur quidem unde veniam recusandae qui accusantium esse.
97,mark.welch@willms-miller.test,$2a$12$2HzsTjIsWMHEhnF5nPvcBuGcq1phtETw9JXA3YcvPe1iSCEbWV8f2,,,,2025-03-13 19:37:53.474348,2025-03-13 19:37:53.474348,tad,Tomás Meireles,73067881870,Nisi et et enim saepe cum in non architecto enim.
98,william@cassin.test,$2a$12$XTxUGzXi7fBOp4HefU67Oem0FNP1FQR5ohP9lOEXUGr2W.DNKtDyq,,,,2025-03-13 19:37:53.771615,2025-03-13 19:37:53.771615,leonia.friesen,Bárbara da Mota,81907073775,Eveniet ea quisquam quo velit beatae et neque ipsum voluptas.
99,robert@schuster.example,$2a$12$ZLqlqla0cGNYJmaMF/6P5OA0cnAfQ1oVj6joxcJFOT7rWvJBt1D6y,,,,2025-03-13 19:37:54.086876,2025-03-13 19:37:54.086876,brady,Otávio Castanheira,35643187586,Voluptatem et assumenda molestiae eaque eum repudiandae sed facilis harum.
100,florencio.parker@oreilly.example,$2a$12$Y7nNVRJbZq2T5MYxl/sV2ulXesJb/Hn1k6lnZKHmJ.NN/X6xe.YpO,,,,2025-03-13 19:37:54.419661,2025-03-13 19:37:54.419661,shon_fritsch,Maria Clara Viveiros,56117387639,Maxime sunt tempore harum ut vero dolor placeat in quisquam.
101,shirley@hudson.test,$2a$12$FH.D95vkqYS0Qdxw5kNNZO57rdAleLHA.umu0ZP6ea7y/7Nm7NYSu,,,,2025-03-13 19:37:54.745020,2025-03-13 19:37:54.745020,dion_hickle,Helena Castanho,60606701206,Voluptates sed ducimus doloremque delectus repellendus autem et voluptas dolor.
102,lois.harris@kuphal.test,$2a$12$xxoXh8sMQfWbRzNcFzXVMOBuo2UZSvallKLdpFG7mApNgtsIvJ6SC,,,,2025-03-13 19:37:55.065838,2025-03-13 19:37:55.065838,roselyn,Pietra Lopes Neto,30583341967,Vero minus quis dolor dolorem id ex rerum necessitatibus sed.
103,fredia@kirlin.example,$2a$12$jag7Jf38h/yeoCL2cVtvfeQlG4q2ZqGFCFXHqPtxaJpkIUnDLw7XC,,,,2025-03-13 19:37:55.385715,2025-03-13 19:37:55.385715,rex.pouros,Ana da Silva,89845384489,Quia temporibus sit soluta molestias corporis dolorum dolores est occaecati.
104,lakeshia@batz-jerde.test,$2a$12$C/1Hh23Y6VPSMlFsBUe6/OVtZAGr682ZVePShi8.oSe.SWbOk5eJS,,,,2025-03-13 19:37:55.781535,2025-03-13 19:37:55.781535,rona,Benício Menendes,88869087924,Reprehenderit debitis nihil atque facilis repellendus sint soluta magni aut.
105,shirley.bode@halvorson.test,$2a$12$WTXAi6rtU93eXtfGhVfUiuEUn/SpBkf1EI1k2TkA4JeNlv.DoU2Ze,,,,2025-03-13 19:37:56.057972,2025-03-13 19:37:56.057972,elliot,Paula Bouças,91836360875,Velit deleniti ipsa quia placeat laudantium quod aperiam quis eos.
106,kyle_medhurst@wiza.example,$2a$12$Jn2gFxBWatJQXm4x/3G0SOUwE4cGbPJD5XNPocZ9niUZowGiCTzpS,,,,2025-03-13 19:37:56.407671,2025-03-13 19:37:56.407671,maria,Melissa Siqueiro,98975899944,Eum vitae inventore quo pariatur non sit culpa facilis in.
107,aurelio_satterfield@ziemann.example,$2a$12$va3GbDVN4xWk8gGFt/ilCeNS4CeS902EDzKksZOlXRx96MrrMuSje,,,,2025-03-13 19:37:56.699165,2025-03-13 19:37:56.699165,latoya,Júlia Galego,92079524737,Impedit natus nam molestias neque nemo sint dolor aut nihil.
108,stephan.littel@williamson.example,$2a$12$wukxwPk5aQoc6Wd3JyQewuCAjSR8id4WWhzhN7YF37DrRa0AgeqqC,,,,2025-03-13 19:37:57.018689,2025-03-13 19:37:57.018689,earnest.carter,Maria Cecília Rêgo,88117345787,Molestias nisi asperiores ratione sed rerum repellendus vel totam ut.
109,donovan@barton.test,$2a$12$tQ4wtxgB0brZgp.zrt6H4uz/OIphkK3N4RJPhDnG5SoPhhTl0O/na,,,,2025-03-13 19:37:57.302416,2025-03-13 19:37:57.302416,grace_mohr,Murilo Marcondes Neto,55945408050,Dolor vel laboriosam id mollitia debitis iure pariatur commodi ea.
110,antione@watsica-schroeder.test,$2a$12$xhfA1p5FPgSDVFZ6x4APr.nLJMZp8qpHirUgxuFBUPBUGbJczKBh6,,,,2025-03-13 19:37:57.570306,2025-03-13 19:37:57.570306,hipolito,Camila Moura,27913365712,Optio tempore earum expedita saepe ullam exercitationem nam quis ratione.
111,steven@buckridge.example,$2a$12$vLWbaDmjza.MeJAkLH1cg.RjSHC/ySbFpNzVo9fOy1/yDouhZn.Lm,,,,2025-03-13 19:37:57.848343,2025-03-13 19:37:57.848343,tamela_ward,Ayla Galvão,90394562531,Deserunt cumque quod repellat et dolores veniam commodi accusantium est.
112,harrison.klein@prosacco-koelpin.example,$2a$12$Sk2KRCUHgyAwWCARC1Sw3.fMLsbEoATSwegEx.YmQJgSIlYIqHFbi,,,,2025-03-13 19:37:58.120108,2025-03-13 19:37:58.120108,emil,Suélen da Luz,92299000337,Aliquam ut nisi non officiis quia et eaque voluptatem ad.
113,melia.fadel@gutmann-padberg.test,$2a$12$DzpSyX75Mwnk9UQJ7IrxU.eDxNw6m1a1txEV/1jM6vtkU7ijru/7e,,,,2025-03-13 19:37:58.412088,2025-03-13 19:37:58.412088,adam,Luiz Miguel Caldeira,92066502757,Repellendus facere provident voluptatibus numquam odio eos cum aliquam qui.
114,amado@mohr-mills.test,$2a$12$MC1JEBWAQOgz0LXoA6g5cOsmrxTqHYBPx8xZMhRJEz6ONioz7tL36,,,,2025-03-13 19:37:58.738280,2025-03-13 19:37:58.738280,marcie,Sr. Silas Macedo,49411304816,Asperiores aut quidem culpa ratione vel est maxime et necessitatibus.
115,sheldon.towne@bartell.example,$2a$12$bPH8CiDrARm4RZNx3lhPp.3H.R1x7oUnNKCoz/TXNKvnv.ni/IowO,,,,2025-03-13 19:37:59.034466,2025-03-13 19:37:59.034466,deon,Mariah Oliveira,47344939852,Eaque suscipit tenetur aut ipsam voluptate eveniet voluptatum delectus fugiat.
116,mary@russel.test,$2a$12$PeCgdhrgP1F6H2OJDvts9.G0LXWaCWDSNnceIzFqgl6PFUYaHUkMW,,,,2025-03-13 19:37:59.328341,2025-03-13 19:37:59.328341,teodoro,Tiago Ribeira,77445404334,Incidunt omnis et temporibus libero qui ab architecto error facere.
117,ira@steuber.example,$2a$12$9TuruLuFw5vc0ByTYu58Pupg1e90ssrBJ.Pe3a7.MArAbVCMVAoOq,,,,2025-03-13 19:37:59.608643,2025-03-13 19:37:59.608643,curt,Emilly Neves,88521857743,Commodi asperiores numquam blanditiis incidunt velit quis nesciunt provident et.
118,kathryne.grant@schuster.test,$2a$12$.nDwWL5NFimFB.Tr.PbfHeIH0cs8D.k.gqBnG.XtxmhPJNsyQy9PW,,,,2025-03-13 19:37:59.954631,2025-03-13 19:37:59.954631,jon_berge,Marcos Tavares,16900814563,Sequi eveniet reprehenderit delectus vero ut nam quia qui dolor.
119,van_lesch@smitham.example,$2a$12$dMPdB0JaduxCLkZJl64alOp/YWI1eXlV44PsmkQgLZAxkkrOO4gZC,,,,2025-03-13 19:38:00.323975,2025-03-13 19:38:00.323975,wiley,Dr. Ana Laura Aguiar,41368824072,Animi delectus reiciendis architecto saepe similique veritatis et est id.
120,zulema_klein@howell.test,$2a$12$G0a0fGxcTBSWxxuSmYlNCOpiQdcXGz35EVWUwJzGy5OakFYU6WGDC,,,,2025-03-13 19:38:00.632451,2025-03-13 19:38:00.632451,willian,Isabela da Veiga,51790080362,Et accusantium temporibus debitis culpa vero quibusdam eum rerum provident.
121,marty@armstrong-deckow.test,$2a$12$ad2vx6z2xBRqiE2Ly9DTMeRuC.9loG1g2liKJUPkKdAkQifNnAfg2,,,,2025-03-13 19:38:01.011955,2025-03-13 19:38:01.011955,buford,Davi Lucca Simões,11893390211,Optio expedita et facere est aspernatur repudiandae est ad quos.
122,arlie@stroman-collins.example,$2a$12$fbym.Sp3QsSlX/xUBRPDLe66afTdEv29kzcPRx4NwXsX/SiI7KCpK,,,,2025-03-13 19:38:01.408693,2025-03-13 19:38:01.408693,antione,Enzo Brum Filho,34834806905,Reprehenderit quia impedit ut quis animi consequatur sunt assumenda corporis.
123,deloise@kessler.test,$2a$12$KArHKewdwSuMctrqqz.jbuA3f26ZRiYtuezSaA6hybOA7XE3J7zX.,,,,2025-03-13 19:38:01.805841,2025-03-13 19:38:01.805841,myles,Heloísa Ribeira,14462847989,Deserunt voluptas rerum velit maxime non aperiam repudiandae atque iste.
124,darell@zulauf.test,$2a$12$DUybGg8cFbvfNxwOeYNmWeKJ4VybZpR57CO8kmRbj.hksNLjOmxl2,,,,2025-03-13 19:38:02.201094,2025-03-13 19:38:02.201094,shyla,Emanuelly Carvalho,72892761448,Quaerat aliquam adipisci optio iusto dolore enim voluptatem aut dolores.
125,shanon@bogan.example,$2a$12$cKfJJEV2EIjWdHZiNrDceeG0y03dzRvi6iDY0N0eiFrmvu2BcOaMS,,,,2025-03-13 19:38:02.507057,2025-03-13 19:38:02.507057,kermit_haag,Maria Laura Caldeira,77470924990,Magni laudantium reiciendis commodi possimus quis officia doloremque est earum.
126,cleta.bernier@grimes.test,$2a$12$JeCqUZt5GyoNPm.hf/wB0u6PxdSZOklc8j.ArGr1BswdUAOBIC/Ci,,,,2025-03-13 19:38:02.797619,2025-03-13 19:38:02.797619,myles,Letícia Nascimento Filho,10410262141,Error molestiae natus animi iure sed voluptatibus iusto fuga ut.
127,basil@hickle.example,$2a$12$SswTvQuJcQ/lKQiGScPrx.zf2y0tbSa6gLwGryP9EP2wMq1/mJwcm,,,,2025-03-13 19:38:03.160671,2025-03-13 19:38:03.160671,rubi,Fernanda Castanho,29973544396,Rerum corrupti sequi voluptas autem optio voluptas iusto et aut.
128,man@ledner-gutkowski.test,$2a$12$NF2ChTDylK37A0p6.MVhs.G310Ep6bwMTJQRwsuiy2fG1HMXpd4cm,,,,2025-03-13 19:38:03.449224,2025-03-13 19:38:03.449224,antonette_marvin,Isabella Bernardes,99497711249,Qui voluptas ea doloribus nam ut necessitatibus et sint consequatur.
129,emmett@graham.example,$2a$12$oV7jEMfwGr9nVAsUihqZAOF0vmY2tyqufjbMqfPp8kc4azUPwqQVi,,,,2025-03-13 19:38:03.780200,2025-03-13 19:38:03.780200,noble_stamm,Arthur Veles,50105061110,In est sint eveniet impedit tenetur laudantium adipisci dolores numquam.
130,dean.sauer@fahey-hyatt.example,$2a$12$alDlNmihKAwDSwWzOeLEGeZC17tXMYllImHh9nxekrU4kELpvchZ6,,,,2025-03-13 19:38:04.065244,2025-03-13 19:38:04.065244,marcus,João Siqueiro,20037422915,Et explicabo eum veniam eos cum natus ut fuga dolores.
131,grady@mann-stanton.example,$2a$12$zGNpdp7JCaOenQkq5AMWpumUGQRcYmbXJ.MnczmA7ZlTreuEJW4Yi,,,,2025-03-13 19:38:04.362770,2025-03-13 19:38:04.362770,fernando,Dra. Rafaela Sales,18917637777,In dolorem error adipisci eveniet autem ut facilis labore et.
132,harold_abernathy@dooley.example,$2a$12$2.kwObZE0DrRv4WyzL4X9u91AGlD1GE6U13pL1TmJJtHnSVGIX51G,,,,2025-03-13 19:38:04.731499,2025-03-13 19:38:04.731499,rex.hauck,João da Rocha,53179941995,Doloremque vero quae rerum modi mollitia illum maxime officiis quia.
133,clarissa@will.example,$2a$12$1ySXLNiNJp5AB/b7xLj3E.hKfjwtMtOKRb2RJVR8ND6neYonQEt8m,,,,2025-03-13 19:38:05.024432,2025-03-13 19:38:05.024432,novella,João Simões,71987909314,Nisi voluptas deleniti officiis consequatur alias magnam molestiae quisquam ex.
134,lois.cremin@mertz.example,$2a$12$qBxCrTN2322cy2ypJxFj8eXhLGRdFMjppRfEXcMpn.nhc90vbVvDu,,,,2025-03-13 19:38:05.352689,2025-03-13 19:38:05.352689,emory,Lívia Albuquerque,92350712698,Eos quasi voluptas quae ut alias amet sunt blanditiis hic.
135,mia@boyer.test,$2a$12$u/2d5kQa5MxAicsRTeMpFewOUy/HWJKyAQKXqAwC1UsO4viXzpcIy,,,,2025-03-13 19:38:05.713674,2025-03-13 19:38:05.713674,jonas,Matheus Brites,32294923143,Voluptates aut sit suscipit repellat non ut nihil minima ut.
136,edward@bogan-fritsch.example,$2a$12$KWO3FmpX9vvGL6A3tUjKiOxcgvomvilVlTcPmzmCLdklTB0WfFDH2,,,,2025-03-13 19:38:06.089514,2025-03-13 19:38:06.089514,kenneth_hills,Dr. Lara Ferreira,45859686289,Mollitia sit delectus consequatur facere omnis ipsum soluta dolor perferendis.
137,david.botsford@waters.example,$2a$12$/3jOVi0V5XFrPL0kgbUiC.U40AxF9Rd4MckTepzvLsWs/JPJktVYq,,,,2025-03-13 19:38:06.423028,2025-03-13 19:38:06.423028,adolph.dare,Maria Fernanda Bentes,79247493895,Numquam fugiat expedita doloremque exercitationem voluptate hic et ipsam dolore.
138,laurinda_schimmel@rodriguez.test,$2a$12$BV0q85qLaW1PpaKDbVAEX.tZ9pXnmglclzlt0qkf4J83BoOq8.Y02,,,,2025-03-13 19:38:06.745623,2025-03-13 19:38:06.745623,ned_cronin,Fernando de Sá,93317901931,Iure dolor non sed asperiores nisi eum consequatur sit tempore.
139,mindy_berge@cormier.test,$2a$12$NYqzFyhwnXDAHBe/OuaNcetmZIqwUoGOLZe2GZ13jBAa7Wf7bQCBq,,,,2025-03-13 19:38:07.126959,2025-03-13 19:38:07.126959,retha,Sr. Lorenzo das Neves,23785231490,Iure est distinctio inventore rerum incidunt repudiandae qui nihil voluptates.
140,annabelle_ullrich@rolfson.example,$2a$12$ijpBX0qfp.UvAiPQ.BFLReJwxkp62LxjN3Xo2NkyP0BP64F88z7Xy,,,,2025-03-13 19:38:07.472215,2025-03-13 19:38:07.472215,tiny,Ana Vitória Caseira,44518329039,Eius consequatur et tempore officiis aliquam ducimus qui minus occaecati.
141,sudie@abbott-spinka.example,$2a$12$xifxt8Ejsl5Z6WgnV.RUve0qxeLhhmsMlWS.ZjkFX2nLg2FS1wiQK,,,,2025-03-13 19:38:07.783052,2025-03-13 19:38:07.783052,christinia,Dra. Júlio Guterres,45659766840,Veritatis inventore nesciunt pariatur eveniet magni nam aut quis vel.
142,edmund.bartoletti@spencer.test,$2a$12$JC4BOsJg3niannrXNqpSges9EwkuNNG2FDr5VJGgmWK/ES7LsHnMG,,,,2025-03-13 19:38:08.102311,2025-03-13 19:38:08.102311,paris,Júlio Castelo Jr.,63481491025,Molestiae voluptas qui sed pariatur voluptatem id officia ut sequi.
143,pandora@schoen.example,$2a$12$iy7hilDdSrTc/QpULFjbeeMy1UMDTI1266laOgWoQCymTiSsLvOcS,,,,2025-03-13 19:38:08.421310,2025-03-13 19:38:08.421310,ilda,Sra. Sirineu Castelo,54240857016,Tempora corrupti excepturi et magnam hic repudiandae omnis occaecati quis.
144,phillis.nienow@leuschke-sipes.test,$2a$12$Azv1gj2gQxriUq7bIMS2LON5m8At1sZJv6mFum5VXw5sg80NkCB2y,,,,2025-03-13 19:38:08.841649,2025-03-13 19:38:08.841649,breanna.bergnaum,Ana Beatriz Vasques,58064079259,Cupiditate tenetur autem nesciunt molestias sint deleniti in et ex.
145,emmaline@nikolaus.test,$2a$12$ZyFRLmTkUxAAWKcrT7bpd.ZI8E2sEDeXlmCjoGGMaQVDrWFnPX0AC,,,,2025-03-13 19:38:09.193520,2025-03-13 19:38:09.193520,vania,Tiago Vasques Filho,39071642429,Sit rem dolor aut placeat est rerum odit et et.
146,lashunda.koch@auer-kub.test,$2a$12$3o3A6xlRP29VfrYmxKKLLeaVncOmo6EGHm1N/yds12UaMDcQuA8IO,,,,2025-03-13 19:38:09.509070,2025-03-13 19:38:09.509070,alva,Luiz Gustavo Brites,85134151349,Aut quo id voluptas corrupti repudiandae earum et ex officia.
147,breanne@senger-wiegand.test,$2a$12$QzOvKRlGMK5UKB.KBGxUa.I3duZd3l5fLcNuTp6KQKtlylegmQioK,,,,2025-03-13 19:38:09.831049,2025-03-13 19:38:09.831049,trevor_wisozk,Sílvia Viana,11506229055,Sit soluta sed cumque incidunt nam facere natus atque voluptate.
148,charlsie_predovic@armstrong.test,$2a$12$sUJSRD7tgScoAYc9IPkggOMduLFEb7k.kLG6ggn8UIiTg4Wi4Epza,,,,2025-03-13 19:38:10.154963,2025-03-13 19:38:10.154963,gail.wehner,Isis Meira,36131159031,Placeat sed est veniam molestias ut assumenda necessitatibus recusandae ipsa.
149,jame@cole.example,$2a$12$IlG3RTFMKwuP1EHxJT6R..phgYvwcGntNGRVaO.IvqrooHXUv.j9G,,,,2025-03-13 19:38:10.484382,2025-03-13 19:38:10.484382,omer.murazik,Sr. Bento Fernandes,34196155663,Est eos laboriosam ut harum enim et autem aut officiis.
150,mitch_towne@zieme.test,$2a$12$TOK5Qof3WWurnrKQ3x2B1.K7MckbinzGL8CG4MIrYnmUNfdDIsFjS,,,,2025-03-13 19:38:10.779168,2025-03-13 19:38:10.779168,theo,João Felipe Melo Neto,55285096751,Tempora voluptas non aut ut maiores rerum et fugiat id.
151,alexis.rath@marquardt.example,$2a$12$tk4fi7EaJIwJJ9sBpOHzSuqCwn6754xvHGaZPRUC3xJH4C8kHsstO,,,,2025-03-13 19:38:11.076426,2025-03-13 19:38:11.076426,lanny.willms,José Fogaça Neto,87849925502,Autem voluptatem vitae numquam provident libero molestiae repellat omnis dicta.
152,maximina_luettgen@littel.example,$2a$12$ut3d9j6R..mwaYdNFOZ8p.sJ.GuDKQWEQ./WrVK0FIz28b6r0bSLK,,,,2025-03-13 19:38:11.400912,2025-03-13 19:38:11.400912,edwina_wuckert,Daniel Santana,71715429865,Iste deleniti adipisci ut id repellat voluptatem consequatur maiores omnis.
2,admin@fornecedor.com,$2a$12$SThuHK.mRPKKE026.hjvAuIrTY.xRyGxC.VqyDweRpatOlnmWqG5W,,,,2025-03-13 19:37:20.896020,2025-04-06 00:11:41.610480,admin_fornecedor,Admin Fornecedor,10987654321,Administrador da empresa fornecedora
154,lisboamab@gmail.com,$2a$12$0iwRmO7TLe4XiEDrnp5sYurVFTF0z3f8TxVqkdb5vK8OL16ojMla.,,,2025-04-16 06:47:14.711340,2025-04-16 06:46:39.850132,2025-04-16 06:47:14.711918,adm_55126675000173,ADM lisboa,,
155,jmrdistribuidoraelogistica@gmail.com,$2a$12$WlCtZfZs1pDZdN/KQKvtg.t1BWZvSmnNU0iKs2A8RK./wQj69bYKC,,,,2025-04-16 17:16:48.407305,2025-04-16 17:16:48.407305,ADMIN JMR,ADMIN JMR,,
156,contato.marcolisboa@gmail.com,$2a$12$7wcYxAcVyWO8Dr7bA9QzBOmMGWjODZN1YrFlhW0aaXuajWgGpl9IO,,,,2025-04-16 19:15:52.146731,2025-04-16 19:15:52.146731,adm_63564654000168,ADM liboa2,,
157,ryvane@gmail.com,$2a$12$/foN0Fa8XcuoIM3EY3wou.Zz.sJSPT6PvA.IPZwsL5nX0Pe/mUroy,,,,2025-04-16 20:33:38.364401,2025-04-16 20:33:38.364401,adm_83451600107356,ADM Ryvane compradora,,
158,robervalsampaiors@gmail.com,$2a$12$L0laf0qWJSMnJUe1QqbgbeI1kLD1a1/4GfcDS.0wT8KoVKfS4ueQy,,,,2025-04-18 00:58:56.454287,2025-04-18 00:58:56.454287,adm_01963943000182,ADM Neval Alimentos LTDA,,
159,robervalsampaio@compreup.com.br,$2a$12$/.xRwY4MHiE9DUVAHKu9..g2reaKdqmRAsD3PSUwPOkvoSMkTbXh6,,,,2025-04-18 01:09:42.737040,2025-04-18 01:35:09.706699,adm_58111247000165,ADM JMR DISTRIBUIDORA E LOGISTICA,,
160,jacyanadias3@gmail.com,$2a$12$UMxKtt/WG/ECFD8L84ZvEeuezVXnQI7OjmsaUcaS/i4.CrtTw6yPy,,,,2025-04-18 12:51:00.656849,2025-04-18 12:51:00.656849,adm_07200181000149,ADM cheppitos,,
161,robervalsampaio@compreup.com,$2a$12$/d19KmgImH1bvvNhNLjr/.v.ecRbKJsGS7KTtm71DChjAl/uGCtH.,,,,2025-04-25 00:17:30.519851,2025-04-25 00:17:30.519851,adm_64904295001509,ADM CAMIL ALIMENTOS S/A,,
162,deana6631@uorak.com,$2a$12$xo22Wa1XqoNbuR98E4X4seVIsGwFDO5pcBGy3cxgo0sU3vy1KvdRS,,,,2025-04-25 17:39:44.748699,2025-04-25 17:39:44.748699,adm_01963300018233,ADM teste temporario,,
